iata,lot,lat,name,uf,output
3100104,-47403,-18486,Abadia dos Dourados,MG,7572
3100203,-45446,-19.16,Abaeté,MG,6167
3100302,-42478,-20301,Abre Campo,MG,154
3100401,-43145,-20363,Acaiaca,MG,7172
3100500,-42546,-19073,Açucena,MG,8053
3100609,-42389,-17996,Água Boa,MG,2269
3100708,-48109,-20056,Água Comprida,MG,9824
3100807,-45393,-20943,Aguanil,MG,9489
3100906,-40936,-17082,Águas Formosas,MG,5615
3101003,-41.46,-15747,Águas Vermelhas,MG,5469
3101102,-41064,-19496,Aimorés,MG,7121
3101201,-44603,-21976,Aiuruoca,MG,671
3101300,-44642,-22171,Alagoa,MG,1862
3101409,-46616,-22201,Albertina,MG,5416
3101508,-42704,-21888,Além Paraíba,MG,5303
3101607,-45947,-21429,Alfenas,MG,3779
3101631,-43777,-21145,Alfredo Vasconcelos,MG,4645
3101706,-40694,-16184,Almenara,MG,9418
3101805,-41.97,-18974,Alpercata,MG,5848
3101904,-46388,-20864,Alpinópolis,MG,9968
3102001,-46143,-21249,Alterosa,MG,1637
3102050,-41899,-20524,Alto Caparaó,MG,991
3153509,-41966,-20424,Alto Jequitibá,MG,4081
3102100,-43411,-21026,Alto Rio Doce,MG,5206
3102209,-41729,-19417,Alvarenga,MG,216
3102308,-43049,-20107,Alvinópolis,MG,1070
3102407,-43365,-18736,Alvorada de Minas,MG,4510
3102506,-42803,-20507,Amparo do Serra,MG,4760
3102605,-46569,-22068,Andradas,MG,1261
3102803,-44309,-21.74,Andrelândia,MG,6704
3102852,-42163,-17602,Angelândia,MG,9286
3102902,-43747,-21318,Antônio Carlos,MG,1636
3103009,-42872,-19653,Antônio Dias,MG,5893
3103108,-42109,-21016,Antônio Prado de Minas,MG,6044
3103207,-44248,-19199,Araçaí,MG,9914
3103306,-43378,-21343,Aracitaba,MG,9333
3103405,-42.07,-16.85,Araçuaí,MG,6889
3103504,-48187,-18649,Araguari,MG,77
3103603,-44256,-21911,Arantina,MG,5437
3103702,-42521,-20667,Araponga,MG,6215
3103751,-49187,-18437,Araporã,MG,6240
3103801,-46156,-19034,Arapuá,MG,3360
3103900,-45166,-19948,Araújos,MG,9610
3104007,-46941,-19593,Araxá,MG,2918
3104106,-46.94,-21364,Arceburgo,MG,5927
3104205,-45539,-20282,Arcos,MG,2111
3104304,-46146,-21359,Areado,MG,5049
3104403,-42836,-21.61,Argirita,MG,448
3104452,-42557,-17867,Aricanduva,MG,9088
3104502,-46106,-15917,Arinos,MG,8770
3104601,-42862,-21315,Astolfo Dutra,MG,7092
3104700,-41.11,-18044,Ataléia,MG,5135
3104809,-44267,-18109,Augusto de Lima,MG,1149
3104908,-44.89,-21959,Baependi,MG,2241
3105004,-43957,-19288,Baldim,MG,5319
3105103,-45977,-20006,Bambuí,MG,3305
3105202,-40559,-15885,Bandeira,MG,6264
3105301,-46386,-21728,Bandeira do Sul,MG,9430
3105400,-43487,-19946,Barão de Cocais,MG,5243
3105509,-42238,-21245,Barão de Monte Alto,MG,8919
3105608,-43774,-21226,Barbacena,MG,2031
3105707,-43041,-20283,Barra Longa,MG,1755
3105905,-43976,-21187,Barroso,MG,590
3106002,-43091,-19.83,Bela Vista de Minas,MG,3553
3106101,-43415,-21949,Belmiro Braga,MG,9054
3106200,-43956,-19817,Belo Horizonte,MG,5438
3106309,-42484,-19.22,Belo Oriente,MG,6644
3106408,-44024,-20408,Belo Vale,MG,4094
3106507,-42466,-16952,Berilo,MG,1249
3106655,-41745,-15613,Berizal,MG,8625
3106606,-40574,-17063,Bertópolis,MG,6826
3106705,-44198,-19968,Betim,MG,1205
3106804,-43757,-21606,Bias Fortes,MG,532
3106903,-43059,-21725,Bicas,MG,5136
3107000,-45502,-18783,Biquinhas,MG,8172
3107109,-45566,-21.09,Boa Esperança,MG,8311
3107208,-44395,-22168,Bocaina de Minas,MG,6384
3107307,-43815,-17108,Bocaiúva,MG,7602
3107406,-45252,-19736,Bom Despacho,MG,9306
3107505,-44191,-21947,Bom Jardim de Minas,MG,3363
3107604,-46523,-21017,Bom Jesus da Penha,MG,720
3107703,-43474,-19704,Bom Jesus do Amparo,MG,9707
3107802,-42316,-19829,Bom Jesus do Galho,MG,6482
3107901,-46145,-22471,Bom Repouso,MG,9876
3108008,-44758,-21033,Bom Sucesso,MG,160
3108107,-44239,-20327,Bonfim,MG,8500
3108206,-45.99,-16567,Bonfinópolis de Minas,MG,6160
3108255,-44754,-15323,Bonito de Minas,MG,9345
3108305,-46165,-22274,Borda da Mata,MG,5249
3108404,-46395,-21633,Botelhos,MG,9682
3108503,-43011,-16872,Botumirim,MG,5617
3108701,-43242,-20921,Brás Pires,MG,8683
3108552,-46009,-17.01,Brasilândia de Minas,MG,4418
3108602,-44429,-16208,Brasília de Minas,MG,4864
3108909,-45608,-22474,Brasópolis,MG,2897
3108800,-42716,-19056,Braúnas,MG,1231
3109006,-44.2,-20143,Brumadinho,MG,1781
3109105,-46351,-22441,Bueno Brandão,MG,5632
3109204,-44.18,-17873,Buenópolis,MG,6403
3109253,-42244,-19426,Bugre,MG,9559
3109303,-46423,-15618,Buritis,MG,8954
3109402,-44962,-17351,Buritizeiro,MG,595
3109451,-47091,-16.03,Cabeceira Grande,MG,6890
3109501,-46396,-21472,Cabo Verde,MG,3568
3109600,-44454,-19525,Cachoeira da Prata,MG,8128
3109709,-45779,-22355,Cachoeira de Minas,MG,4988
3102704,-41498,-15966,Cachoeira de Pajeú,MG,3854
3109808,-49501,-18515,Cachoeira Dourada,MG,1987
3109907,-44419,-19295,Caetanópolis,MG,7056
3110004,-43.67,-19.88,Caeté,MG,5608
3110103,-41925,-20696,Caiana,MG,4824
3110202,-42797,-20791,Cajuri,MG,5078
3110301,-46386,-21924,Caldas,MG,4455
3110400,-45157,-20625,Camacho,MG,2013
3110509,-46145,-22755,Camanducaia,MG,1400
3110608,-46058,-22612,Cambuí,MG,8946
3110707,-45296,-21852,Cambuquira,MG,7218
3110806,-41748,-18239,Campanário,MG,8510
3110905,-45401,-21836,Campanha,MG,9568
3111002,-46246,-21711,Campestre,MG,9089
3111101,-49486,-19536,Campina Verde,MG,6478
3111150,-44811,-16504,Campo Azul,MG,3608
3111200,-45277,-20897,Campo Belo,MG,2820
3111309,-45.83,-21107,Campo do Meio,MG,5032
3111408,-48572,-19761,Campo Florido,MG,7095
3111507,-46171,-19696,Campos Altos,MG,1536
3111606,-45759,-21235,Campos Gerais,MG,133
3111903,-45182,-21021,Cana Verde,MG,8335
3111705,-42.62,-20686,Canaã,MG,4394
3111804,-49204,-18725,Canápolis,MG,5844
3112000,-45276,-20767,Candeias,MG,5799
3112059,-42627,-18526,Cantagalo,MG,7538
3112109,-41868,-20434,Caparaó,MG,7122
3112208,-43618,-20923,Capela Nova,MG,3647
3112307,-42516,-17691,Capelinha,MG,1177
3112406,-47054,-20616,Capetinga,MG,9468
3112505,-44117,-19549,Capim Branco,MG,3685
3112604,-49.57,-18682,Capinópolis,MG,7469
3112653,-41858,-19067,Capitão Andrade,MG,5303
3112703,-43711,-16324,Capitão Enéas,MG,9740
3112802,-46.05,-20615,Capitólio,MG,2068
3112901,-42271,-20172,Caputira,MG,3014
3113008,-41695,-17189,Caraí,MG,4757
3113107,-43739,-20876,Caranaíba,MG,9662
3113206,-43806,-20954,Carandaí,MG,1785
3113305,-42029,-20733,Carangola,MG,8585
3113404,-42139,-19.79,Caratinga,MG,8722
3113503,-43016,-17527,Carbonita,MG,4604
3113602,-45699,-22043,Careaçu,MG,2237
3113701,-40766,-17703,Carlos Chagas,MG,1549
3113800,-43142,-19089,Carmésia,MG,7099
3113909,-45224,-21461,Carmo da Cachoeira,MG,7576
3114006,-44871,-20558,Carmo da Mata,MG,2324
3114105,-45129,-22122,Carmo de Minas,MG,46
3114204,-44771,-20184,Carmo do Cajuru,MG,6096
3114303,-46316,-19001,Carmo do Paranaíba,MG,4284
3114402,-46119,-20972,Carmo do Rio Claro,MG,3186
3114501,-44635,-20541,Carmópolis de Minas,MG,9472
3114550,-50688,-19698,Carneirinho,MG,7050
3114600,-44643,-21488,Carrancas,MG,1308
3114709,-45841,-21778,Carvalhópolis,MG,642
3114808,-44461,-22001,Carvalhos,MG,1777
3114907,-43.93,-20793,Casa Grande,MG,5048
3115003,-47877,-18576,Cascalho Rico,MG,1306
3115102,-46922,-20583,Cássia,MG,9116
3115300,-42697,-21389,Cataguases,MG,7526
3115359,-43408,-20075,Catas Altas,MG,9797
3115409,-43498,-20.69,Catas Altas da Noruega,MG,5618
3115458,-41517,-17312,Catuji,MG,4212
3115474,-42963,-15358,Catuti,MG,842
3115508,-44933,-21977,Caxambu,MG,9850
3115607,-45711,-19148,Cedro do Abaeté,MG,9910
3115706,-41306,-18762,Central de Minas,MG,1768
3115805,-49199,-18584,Centralina,MG,3553
3115904,-43222,-21672,Chácara,MG,7979
3116001,-41688,-20044,Chalé,MG,8694
3116100,-42535,-17087,Chapada do Norte,MG,9981
3116159,-45618,-15306,Chapada Gaúcha,MG,3532
3116209,-43058,-22003,Chiador,MG,7659
3116308,-43366,-20905,Cipotânea,MG,6374
3116407,-47267,-20399,Claraval,MG,7735
3116506,-44209,-17.08,Claro dos Poções,MG,8318
3116605,-44766,-20443,Cláudio,MG,7916
3116704,-42803,-20857,Coimbra,MG,2721
3116803,-42.84,-18234,Coluna,MG,9850
3116902,-49081,-19698,Comendador Gomes,MG,3474
3117009,-41793,-16296,Comercinho,MG,6030
3117108,-46204,-21094,Conceição da Aparecida,MG,4232
3115201,-44472,-21129,Conceição da Barra de Minas,MG,6733
3117306,-48388,-19915,Conceição das Alagoas,MG,6916
3117207,-45455,-22.16,Conceição das Pedras,MG,8398
3117405,-41694,-19928,Conceição de Ipanema,MG,2833
3117504,-43425,-19037,Conceição do Mato Dentro,MG,1991
3117603,-44897,-19753,Conceição do Pará,MG,9365
3117702,-45085,-21881,Conceição do Rio Verde,MG,475
3117801,-45798,-22413,Conceição dos Ouros,MG,3234
3117836,-44418,-15294,Cônego Marinho,MG,6518
3117876,-43983,-19633,Confins,MG,542
3117900,-46039,-22153,Congonhal,MG,8069
3118007,-43858,-20.5,Congonhas,MG,8028
3118106,-43681,-18807,Congonhas do Norte,MG,1380
3118205,-47542,-19937,Conquista,MG,2762
3118304,-43786,-20.66,Conselheiro Lafaiete,MG,4549
3118403,-41472,-19172,Conselheiro Pena,MG,3888
3118502,-45921,-22551,Consolação,MG,4417
3118601,-44054,-19932,Contagem,MG,7975
3118700,-45441,-21189,Coqueiral,MG,6555
3118809,-44365,-16685,Coração de Jesus,MG,4951
3118908,-44321,-19125,Cordisburgo,MG,1261
3119005,-45701,-21793,Cordislândia,MG,8142
3119104,-44456,-18381,Corinto,MG,2712
3119203,-42286,-18622,Coroaci,MG,9431
3119302,-47.2,-18473,Coromandel,MG,689
3119401,-42629,-19519,Coronel Fabriciano,MG,5039
3119500,-42182,-16619,Coronel Murta,MG,1453
3119609,-43266,-21588,Coronel Pacheco,MG,2511
3119708,-44223,-21024,Coronel Xavier Chaves,MG,4853
3119807,-45904,-19824,Córrego Danta,MG,9459
3119906,-46.02,-22.63,Córrego do Bom Jesus,MG,988
3119955,-45555,-20449,Córrego Fundo,MG,2144
3120003,-42396,-19832,Córrego Novo,MG,4376
3120102,-43471,-18071,Couto de Magalhães de Minas,MG,7239
3120151,-40912,-17237,Crisólita,MG,7901
3120201,-45519,-20876,Cristais,MG,9970
3120300,-42862,-16.8,Cristália,MG,931
3120409,-43806,-20832,Cristiano Otoni,MG,8578
3120508,-45264,-22212,Cristina,MG,7287
3120607,-44337,-20384,Crucilândia,MG,1882
3120706,-46674,-18946,Cruzeiro da Fortaleza,MG,5753
3120805,-44808,-21839,Cruzília,MG,4209
3120839,-41099,-18969,Cuparaque,MG,3022
3120870,-41844,-15938,Curral de Dentro,MG,6000
3120904,-44431,-18756,Curvelo,MG,7989
3121001,-43656,-18446,Datas,MG,2324
3121100,-45.28,-22509,Delfim Moreira,MG,9907
3121209,-46854,-20344,Delfinópolis,MG,5877
3121258,-47771,-19977,Delta,MG,8176
3121308,-42968,-21.46,Descoberto,MG,2542
3121407,-44333,-20.66,Desterro de Entre Rios,MG,8728
3121506,-43518,-21147,Desterro do Melo,MG,1219
3121605,-43.6,-18249,Diamantina,MG,7137
3121704,-43198,-20488,Diogo de Vasconcelos,MG,7708
3121803,-42777,-19843,Dionísio,MG,6273
3121902,-43004,-20.99,Divinésia,MG,7537
3122009,-42149,-20614,Divino,MG,5616
3122108,-41.48,-18778,Divino das Laranjeiras,MG,3960
3122207,-42598,-18804,Divinolândia de Minas,MG,4390
3122306,-44884,-20139,Divinópolis,MG,3967
3122355,-41345,-15726,Divisa Alegre,MG,8907
3122405,-46196,-21511,Divisa Nova,MG,8238
3122454,-41,-15726,Divisópolis,MG,9529
3122470,-46271,-16652,Dom Bosco,MG,5307
3122504,-42106,-19374,Dom Cavati,MG,9312
3122603,-43256,-18967,Dom Joaquim,MG,9462
3122702,-42968,-20.16,Dom Silvério,MG,7457
3122801,-45161,-22254,Dom Viçoso,MG,7576
3122900,-42811,-21316,Dona Eusébia,MG,9123
3123007,-44023,-21109,Dores de Campos,MG,3583
3123106,-42929,-19058,Dores de Guanhães,MG,6627
3123205,-45602,-19463,Dores do Indaiá,MG,5731
3123304,-43189,-20976,Dores do Turvo,MG,5068
3123403,-45903,-20287,Doresópolis,MG,7786
3123502,-47609,-18431,Douradoquara,MG,9522
3123528,-41798,-20203,Durandé,MG,6432
3123601,-45565,-21.61,Elói Mendes,MG,7333
3123700,-42046,-19219,Engenheiro Caldas,MG,2033
3123809,-43.95,-17.28,Engenheiro Navarro,MG,6259
3123858,-42231,-19625,Entre Folhas,MG,356
3123908,-44066,-20671,Entre Rios de Minas,MG,9776
3124005,-42657,-20.84,Ervália,MG,5282
3124104,-44314,-19763,Esmeraldas,MG,8915
3124203,-41907,-20.65,Espera Feliz,MG,328
3124302,-42819,-14926,Espinosa,MG,6829
3124401,-45951,-22046,Espírito Santo do Dourado,MG,1367
3124500,-46017,-22463,Estiva,MG,8619
3124609,-42461,-21742,Estrela Dalva,MG,3958
3124708,-45788,-19522,Estrela do Indaiá,MG,9083
3124807,-47693,-18746,Estrela do Sul,MG,2497
3124906,-42187,-21099,Eugenópolis,MG,9811
3125002,-43.51,-21551,Ewbank da Câmara,MG,752
3125101,-46318,-22855,Extrema,MG,2328
3125200,-45829,-21406,Fama,MG,9979
3125309,-42.03,-20808,Faria Lemos,MG,8115
3125408,-43247,-18077,Felício dos Santos,MG,9468
3125606,-40761,-16639,Felisburgo,MG,5235
3125705,-44899,-18758,Felixlândia,MG,8604
3125804,-42082,-19154,Fernandes Tourinho,MG,7241
3125903,-43023,-19232,Ferros,MG,4465
3125952,-42279,-20726,Fervedouro,MG,5980
3126000,-44433,-19889,Florestal,MG,3491
3126109,-45426,-20464,Formiga,MG,6776
3126208,-46232,-14947,Formoso,MG,5626
3126307,-46718,-20849,Fortaleza de Minas,MG,10
3126406,-44447,-19561,Fortuna de Minas,MG,4197
3126505,-42352,-16993,Francisco Badaró,MG,5952
3126604,-44234,-17315,Francisco Dumont,MG,5721
3126703,-43488,-16476,Francisco Sá,MG,2202
3126752,-42009,-17.96,Franciscópolis,MG,2879
3126802,-41429,-18066,Frei Gaspar,MG,7793
3126901,-41922,-18545,Frei Inocêncio,MG,8409
3126950,-42766,-18168,Frei Lagonegro,MG,2832
3127008,-49199,-20268,Fronteira,MG,4866
3127057,-40925,-16891,Fronteira dos Vales,MG,5488
3127073,-42533,-16131,Fruta de Leite,MG,7781
3127107,-48941,-20025,Frutal,MG,1859
3127206,-44056,-19368,Funilândia,MG,5227
3127305,-41538,-18999,Galiléia,MG,4383
3127339,-43124,-15082,Gameleiras,MG,4349
3127354,-43697,-16.85,Glaucilândia,MG,5251
3127370,-41223,-18982,Goiabeira,MG,8971
3127388,-43202,-21537,Goianá,MG,1350
3127404,-45856,-22659,Gonçalves,MG,382
3127503,-42479,-18822,Gonzaga,MG,6418
3127602,-43741,-18454,Gouveia,MG,812
3127701,-41949,-18851,Governador Valadares,MG,2074
3127800,-42.89,-16559,Grão Mogol,MG,5006
3127909,-47722,-18494,Grupiara,MG,1813
3128006,-42933,-18775,Guanhães,MG,9183
3128105,-45918,-20762,Guapé,MG,4080
3128204,-43008,-20571,Guaraciaba,MG,9301
3128253,-43673,-17014,Guaraciama,MG,6922
3128303,-46803,-21299,Guaranésia,MG,9677
3128402,-43047,-21352,Guarani,MG,5238
3128501,-43038,-21732,Guarará,MG,807
3128600,-47098,-17771,Guarda-Mor,MG,737
3128709,-46713,-21305,Guaxupé,MG,5197
3128808,-42797,-21152,Guidoval,MG,144
3128907,-46793,-18844,Guimarânia,MG,9706
3129004,-42718,-21008,Guiricema,MG,6826
3129103,-49786,-19213,Gurinhatã,MG,6403
3129202,-45542,-22067,Heliodora,MG,587
3129301,-42218,-19437,Iapu,MG,548
3129400,-43963,-21.43,Ibertioga,MG,6426
3129509,-46539,-19478,Ibiá,MG,5713
3129608,-44914,-16861,Ibiaí,MG,7066
3129657,-44164,-15664,Ibiracatu,MG,4032
3129707,-47122,-20462,Ibiraci,MG,3732
3129806,-44059,-20022,Ibirité,MG,475
3129905,-46.44,-22061,Ibitiúra de Minas,MG,4019
3130002,-44748,-21153,Ibituruna,MG,6395
3130051,-44906,-16217,Icaraí de Minas,MG,6931
3130101,-44302,-20.07,Igarapé,MG,7174
3130200,-44709,-19955,Igaratinga,MG,2887
3130309,-45711,-20174,Iguatama,MG,932
3130408,-44925,-21.17,Ijaci,MG,7246
3130507,-45833,-20936,Ilicínea,MG,6106
3130556,-41971,-19597,Imbé de Minas,MG,742
3130606,-46328,-22317,Inconfidentes,MG,2669
3130655,-42197,-15492,Indaiabira,MG,6723
3130705,-47917,-19039,Indianópolis,MG,8033
3130804,-44917,-21401,Ingaí,MG,3458
3130903,-42.12,-19549,Inhapim,MG,9561
3131000,-44.39,-19491,Inhaúma,MG,4601
3131109,-44361,-18729,Inimutaba,MG,5224
3131158,-42419,-19414,Ipaba,MG,7004
3131208,-41713,-19801,Ipanema,MG,4232
3131307,-42537,-19468,Ipatinga,MG,9367
3131406,-49943,-18692,Ipiaçu,MG,6175
3131505,-46.19,-22099,Ipuiúna,MG,6253
3131604,-47461,-18984,Iraí de Minas,MG,1488
3131703,-43227,-19619,Itabira,MG,8644
3131802,-41233,-18566,Itabirinha de Mantena,MG,6743
3131901,-43801,-20253,Itabirito,MG,3387
3132008,-43309,-17065,Itacambira,MG,2269
3132107,-44092,-15102,Itacarambi,MG,4685
3132206,-44488,-20392,Itaguara,MG,3955
3132305,-41669,-17402,Itaipé,MG,9378
3132404,-45453,-22426,Itajubá,MG,1323
3132503,-42859,-17857,Itamarandiba,MG,1488
3132602,-42818,-21416,Itamarati de Minas,MG,3888
3132701,-41685,-18031,Itambacuri,MG,8466
3132800,-43321,-19414,Itambé do Mato Dentro,MG,2655
3132909,-47048,-21078,Itamogi,MG,2200
3133006,-44.87,-22284,Itamonte,MG,9895
3133105,-44935,-22296,Itanhandu,MG,609
3133204,-41865,-19172,Itanhomi,MG,4729
3133303,-41503,-16562,Itaobim,MG,6434
3133402,-49381,-19909,Itapagipe,MG,10000
3133501,-45126,-20473,Itapecerica,MG,1668
3133600,-46221,-22768,Itapeva,MG,5411
3133709,-44421,-20197,Itatiaiuçu,MG,3316
3133758,-46752,-20739,Itaú de Minas,MG,7208
3133808,-44576,-20075,Itaúna,MG,5303
3133907,-43.61,-20678,Itaverava,MG,9006
3134004,-41765,-16613,Itinga,MG,2192
3134103,-41.17,-19394,Itueta,MG,4065
3134202,-49465,-18969,Ituiutaba,MG,9499
3134301,-44871,-21317,Itumirim,MG,1697
3134400,-50196,-19728,Iturama,MG,1684
3134509,-44658,-21298,Itutinga,MG,7539
3134608,-43745,-19514,Jaboticatubas,MG,4334
3134707,-40293,-16144,Jacinto,MG,2456
3134806,-46741,-21017,Jacuí,MG,8625
3134905,-46612,-22286,Jacutinga,MG,7259
3135001,-42.75,-19649,Jaguaraçu,MG,7082
3135050,-43674,-15338,Jaíba,MG,7149
3135076,-41804,-18463,Jampruca,MG,4027
3135100,-43309,-15803,Janaúba,MG,8789
3135209,-44362,-15488,Januária,MG,4005
3135308,-45503,-20141,Japaraíba,MG,6155
3135357,-44.27,-15995,Japonvar,MG,6104
3135407,-43983,-20535,Jeceaba,MG,635
3135456,-42258,-17083,Jenipapo de Minas,MG,7370
3135506,-42666,-20456,Jequeri,MG,539
3135605,-44446,-17236,Jequitaí,MG,4056
3135704,-44028,-19236,Jequitibá,MG,6055
3135803,-41003,-16434,Jequitinhonha,MG,8021
3135902,-45291,-21998,Jesuânia,MG,1892
3136009,-41031,-16654,Joaíma,MG,1180
3136108,-42679,-19172,Joanésia,MG,2180
3136207,-43174,-19.81,João Monlevade,MG,5736
3136306,-46173,-17743,João Pinheiro,MG,9017
3136405,-44172,-17758,Joaquim Felício,MG,3268
3136504,-40178,-15.9,Jordânia,MG,6106
3136520,-42604,-16907,José Gonçalves de Minas,MG,2704
3136553,-42499,-18219,José Raydan,MG,2490
3136579,-42515,-16547,Josenópolis,MG,3594
3136652,-44343,-19952,Juatuba,MG,5068
3136702,-43.35,-21764,Juiz de Fora,MG,9631
3136801,-43587,-16848,Juramento,MG,303
3136900,-46577,-21253,Juruaia,MG,3292
3136959,-44.16,-14263,Juvenília,MG,6831
3137007,-41738,-17632,Ladainha,MG,2119
3137106,-46808,-18178,Lagamar,MG,3835
3137205,-45544,-20023,Lagoa da Prata,MG,8290
3137304,-44582,-16983,Lagoa dos Patos,MG,8534
3137403,-44078,-20914,Lagoa Dourada,MG,3603
3137502,-46408,-18779,Lagoa Formosa,MG,4073
3137536,-46514,-17835,Lagoa Grande,MG,2329
3137601,-43.89,-19627,Lagoa Santa,MG,3455
3137700,-41623,-20151,Lajinha,MG,4300
3137809,-45.35,-21976,Lambari,MG,4436
3137908,-43474,-20.79,Lamim,MG,2316
3138005,-42477,-21374,Laranjal,MG,5467
3138104,-44578,-17887,Lassance,MG,1902
3138203,-45,-21245,Lavras,MG,1701
3138302,-45025,-19718,Leandro Ferreira,MG,2832
3138351,-42693,-17083,Leme do Prado,MG,8090
3138401,-42643,-21532,Leopoldina,MG,7928
3138500,-44.32,-22029,Liberdade,MG,1582
3138609,-43793,-21843,Lima Duarte,MG,4425
3138625,-50581,-19551,Limeira do Oeste,MG,9965
3138658,-44305,-15903,Lontra,MG,844
3138674,-42103,-20.44,Luisburgo,MG,5370
3138682,-44589,-16118,Luislândia,MG,8703
3138708,-44903,-21511,Luminárias,MG,9751
3138807,-45686,-19801,Luz,MG,7864
3138906,-40716,-17077,Machacalis,MG,7833
3139003,-45.92,-21675,Machado,MG,7869
3139102,-44.33,-21483,Madre de Deus de Minas,MG,3848
3139201,-42077,-17842,Malacacheta,MG,414
3139250,-42949,-15.05,Mamonas,MG,7244
3139300,-43932,-14756,Manga,MG,1969
3139409,-42034,-20258,Manhuaçu,MG,6965
3139508,-41958,-20358,Manhumirim,MG,4605
3139607,-40.98,-18782,Mantena,MG,502
3139805,-43.01,-21867,Mar de Espanha,MG,8606
3139706,-44676,-19516,Maravilhas,MG,3958
3139904,-45375,-22308,Maria da Fé,MG,3064
3140001,-43416,-20378,Mariana,MG,2817
3140100,-42084,-18508,Marilac,MG,3841
3140159,-44188,-20056,Mário Campos,MG,467
3140209,-42959,-21698,Maripá de Minas,MG,4960
3140308,-42732,-19712,Marliéria,MG,1154
3140407,-45165,-22449,Marmelópolis,MG,1869
3140506,-45237,-19332,Martinho Campos,MG,9796
3140530,-41877,-20257,Martins Soares,MG,3798
3140555,-40741,-15686,Mata Verde,MG,6970
3140605,-43.06,-18474,Materlândia,MG,5935
3140704,-44428,-19986,Mateus Leme,MG,9073
3171501,-41908,-18592,Mathias Lobato,MG,3570
3140803,-43319,-21869,Matias Barbosa,MG,5561
3140852,-43922,-14855,Matias Cardoso,MG,8889
3140902,-42341,-20284,Matipó,MG,67
3141009,-42866,-15397,Mato Verde,MG,1053
3141108,-44081,-19558,Matozinhos,MG,7055
3141207,-45969,-19223,Matutina,MG,1637
3141306,-46226,-19996,Medeiros,MG,3511
3141405,-41477,-16223,Medina,MG,9946
3141504,-41405,-18661,Mendes Pimentel,MG,7819
3141603,-43341,-21194,Mercês,MG,311
3141702,-42607,-19223,Mesquita,MG,4101
3141801,-42.59,-17219,Minas Novas,MG,3843
3141900,-44604,-21682,Minduri,MG,9749
3142007,-44164,-16263,Mirabela,MG,9106
3142106,-42343,-20891,Miradouro,MG,1191
3142205,-42614,-21195,Miraí,MG,9242
3142254,-44404,-14741,Miravânia,MG,3544
3142304,-44053,-20333,Moeda,MG,7210
3142403,-45411,-19843,Moema,MG,1782
3142502,-44119,-18325,Monjolos,MG,9534
3142601,-45541,-21758,Monsenhor Paulo,MG,8126
3142700,-44366,-14423,Montalvânia,MG,7085
3142809,-48881,-18871,Monte Alegre de Minas,MG,7682
3142908,-42875,-15155,Monte Azul,MG,8890
3143005,-46368,-21326,Monte Belo,MG,9790
3143104,-47499,-18725,Monte Carmelo,MG,7484
3143153,-41255,-16866,Monte Formoso,MG,6624
3143203,-46.98,-21.19,Monte Santo de Minas,MG,9861
3143401,-46573,-22433,Monte Sião,MG,6514
3143302,-43862,-16735,Montes Claros,MG,8702
3143450,-42497,-15172,Montezuma,MG,3176
3143500,-45357,-18604,Morada Nova de Minas,MG,1356
3143609,-44603,-18547,Morro da Garça,MG,957
3143708,-43376,-19216,Morro do Pilar,MG,8506
3143807,-46361,-22613,Munhoz,MG,9857
3143906,-42366,-21131,Muriaé,MG,7135
3144003,-41438,-19.8,Mutum,MG,3109
3144102,-46526,-21376,Muzambinho,MG,4973
3144201,-42249,-18459,Nacip Raydan,MG,5778
3144300,-40354,-17839,Nanuque,MG,5647
3144359,-42328,-19.23,Naque,MG,8958
3144375,-46493,-16504,Natalândia,MG,5330
3144409,-45512,-22.12,Natércia,MG,2656
3144508,-44611,-21216,Nazareno,MG,1276
3144607,-45236,-21236,Nepomuceno,MG,1146
3144656,-41754,-15321,Ninheira,MG,8565
3144672,-41017,-18475,Nova Belém,MG,2045
3144706,-43038,-19.75,Nova Era,MG,5595
3144805,-43847,-19986,Nova Lima,MG,835
3144904,-41501,-18437,Nova Módica,MG,3290
3145000,-47683,-19136,Nova Ponte,MG,1889
3145059,-43301,-15803,Nova Porteirinha,MG,893
3145109,-46.42,-21126,Nova Resende,MG,2280
3145208,-44984,-19876,Nova Serrana,MG,1518
3136603,-43.58,-19.69,Nova União,MG,5887
3145307,-41875,-17468,Novo Cruzeiro,MG,1688
3145356,-41215,-17415,Novo Oriente de Minas,MG,7910
3145372,-42408,-16017,Novorizonte,MG,898
3145406,-43937,-21861,Olaria,MG,1102
3145455,-43573,-17397,Olhos-d'Água,MG,1962
3145505,-45264,-22068,Olímpio Noronha,MG,7171
3145604,-44827,-20696,Oliveira,MG,3541
3145703,-43456,-21339,Oliveira Fortes,MG,8494
3145802,-44807,-19.73,Onça de Pitangui,MG,6664
3145851,-42806,-20431,Oratórios,MG,7665
3145877,-42.21,-20506,Orizânia,MG,3804
3145901,-43692,-20521,Ouro Branco,MG,2228
3146008,-46369,-22283,Ouro Fino,MG,6056
3146107,-43508,-20288,Ouro Preto,MG,4377
3146206,-41.27,-18071,Ouro Verde de Minas,MG,466
3146255,-42515,-16364,Padre Carvalho,MG,5242
3146305,-41524,-17072,Padre Paraíso,MG,9939
3146552,-43065,-15517,Pai Pedro,MG,2978
3146404,-45532,-18908,Paineiras,MG,1402
3146503,-45661,-20371,Pains,MG,2806
3146602,-43416,-21289,Paiva,MG,4126
3146701,-42314,-21375,Palma,MG,4798
3146750,-40.42,-16735,Palmópolis,MG,2926
3146909,-44748,-19449,Papagaios,MG,2114
3147105,-44608,-19.86,Pará de Minas,MG,9855
3147006,-46875,-17222,Paracatu,MG,6673
3147204,-45738,-21547,Paraguaçu,MG,2602
3147303,-45.78,-22554,Paraisópolis,MG,1484
3147402,-44404,-19274,Paraopeba,MG,6840
3147600,-44967,-22.39,Passa Quatro,MG,3843
3147709,-44496,-20651,Passa Tempo,MG,2078
3147808,-44234,-22209,Passa-Vinte,MG,5328
3147501,-43136,-19353,Passabém,MG,6189
3147907,-46.61,-20719,Passos,MG,5606
3147956,-44082,-16076,Patis,MG,4199
3148004,-46518,-18579,Patos de Minas,MG,4615
3148103,-46993,-18944,Patrocínio,MG,4839
3148202,-42215,-21153,Patrocínio do Muriaé,MG,903
3148301,-42.98,-20874,Paula Cândido,MG,2449
3148400,-42868,-18427,Paulistas,MG,1571
3148509,-40999,-17428,Pavão,MG,771
3148608,-42557,-18549,Peçanha,MG,8340
3148707,-41297,-16005,Pedra Azul,MG,9349
3148756,-42.33,-20521,Pedra Bonita,MG,2846
3148806,-42714,-20597,Pedra do Anta,MG,3955
3148905,-45209,-20258,Pedra do Indaiá,MG,7191
3149002,-42154,-20.83,Pedra Dourada,MG,7983
3149101,-45466,-22243,Pedralva,MG,7828
3149150,-44391,-15607,Pedras de Maria da Cruz,MG,2096
3149200,-47462,-19228,Pedrinópolis,MG,9331
3149309,-44043,-19618,Pedro Leopoldo,MG,3144
3149408,-43746,-21706,Pedro Teixeira,MG,6582
3149507,-43121,-21834,Pequeri,MG,2258
3149606,-44659,-19633,Pequi,MG,3338
3149705,-45084,-19953,Perdigão,MG,3788
3149804,-47293,-19353,Perdizes,MG,8046
3149903,-45091,-21091,Perdões,MG,4608
3149952,-42234,-19158,Periquito,MG,3730
3150000,-41598,-18357,Pescador,MG,3270
3150109,-43323,-21509,Piau,MG,4291
3150158,-42076,-19759,Piedade de Caratinga,MG,156
3150208,-42734,-20245,Piedade de Ponte Nova,MG,9768
3150307,-44196,-21469,Piedade do Rio Grande,MG,69
3150406,-44227,-20471,Piedade dos Gerais,MG,6426
3150505,-45799,-20484,Pimenta,MG,9410
3150539,-42408,-19727,Pingo-d'Água,MG,1392
3150570,-45156,-16059,Pintópolis,MG,4994
3150604,-44483,-20508,Piracema,MG,3064
3150703,-48701,-19907,Pirajuba,MG,1637
3150802,-43.3,-20685,Piranga,MG,2838
3150901,-45495,-22528,Piranguçu,MG,4572
3151008,-45532,-22401,Piranguinho,MG,6724
3151107,-42346,-21656,Pirapetinga,MG,9019
3151206,-44942,-17345,Pirapora,MG,7755
3151305,-43026,-21276,Piraúba,MG,3672
3151404,-44.89,-19683,Pitangui,MG,8825
3151503,-45958,-20465,Piumhi,MG,4151
3151602,-48702,-20138,Planura,MG,3036
3151701,-45965,-21781,Poço Fundo,MG,9629
3151800,-46561,-21788,Poços de Caldas,MG,8578
3151909,-41637,-19.62,Pocrane,MG,5529
3152006,-44935,-19224,Pompéu,MG,1659
3152105,-42909,-20416,Ponte Nova,MG,5978
3152131,-45066,-16631,Ponto Chique,MG,241
3152170,-41504,-16753,Ponto dos Volantes,MG,4778
3152204,-43028,-15743,Porteirinha,MG,8634
3152303,-43084,-20673,Porto Firme,MG,3106
3152402,-41786,-17807,Poté,MG,2206
3152501,-45936,-22.23,Pouso Alegre,MG,1667
3152600,-44973,-22194,Pouso Alto,MG,1095
3152709,-44.08,-21058,Prados,MG,8524
3152808,-48924,-19307,Prata,MG,9257
3152907,-46861,-20745,Pratápolis,MG,7230
3153004,-46378,-19751,Pratinha,MG,4447
3153103,-43188,-20769,Presidente Bernardes,MG,5854
3153202,-44058,-18637,Presidente Juscelino,MG,6689
3153301,-43562,-18614,Presidente Kubitschek,MG,9508
3153400,-46418,-18418,Presidente Olegário,MG,1135
3153608,-44155,-19482,Prudente de Morais,MG,6576
3153707,-45557,-19274,Quartel Geral,MG,7256
3153806,-43884,-20.74,Queluzito,MG,9788
3153905,-43804,-19967,Raposos,MG,6352
3154002,-42453,-20102,Raul Soares,MG,5940
3154101,-42469,-21525,Recreio,MG,8907
3154150,-41983,-20219,Reduto,MG,4348
3154200,-44238,-20922,Resende Costa,MG,5688
3154309,-41255,-19326,Resplendor,MG,7722
3154408,-43763,-21063,Ressaquinha,MG,6125
3154457,-45992,-16.23,Riachinho,MG,7041
3154507,-43049,-16006,Riacho dos Machados,MG,819
3154606,-44087,-19767,Ribeirão das Neves,MG,720
3154705,-45062,-21191,Ribeirão Vermelho,MG,1757
3154804,-43789,-20088,Rio Acima,MG,2955
3154903,-42651,-20226,Rio Casca,MG,7549
3155108,-40.57,-16608,Rio do Prado,MG,3230
3155009,-42907,-20242,Rio Doce,MG,6601
3155207,-43474,-20855,Rio Espera,MG,1832
3155306,-44308,-20265,Rio Manso,MG,2551
3155405,-43125,-21458,Rio Novo,MG,5157
3155504,-46247,-19194,Rio Paranaíba,MG,6758
3155603,-42.54,-15.61,Rio Pardo de Minas,MG,1586
3155702,-43174,-19929,Rio Piracicaba,MG,4517
3155801,-43179,-21275,Rio Pomba,MG,4786
3155900,-43828,-22089,Rio Preto,MG,3436
3156007,-43009,-18294,Rio Vermelho,MG,4890
3156106,-44318,-21022,Ritápolis,MG,3496
3156205,-43.02,-21.63,Rochedo de Minas,MG,1799
3156304,-42865,-21.2,Rodeiro,MG,7830
3156403,-47586,-18883,Romaria,MG,4094
3156452,-42512,-20979,Rosário da Limeira,MG,1473
3156502,-42263,-16408,Rubelita,MG,8261
3156601,-40538,-16375,Rubim,MG,6809
3156700,-43807,-19886,Sabará,MG,93
3156809,-43084,-18666,Sabinópolis,MG,3979
3156908,-47.44,-19865,Sacramento,MG,2066
3157005,-42.29,-16.17,Salinas,MG,1566
3157104,-39947,-16003,Salto da Divisa,MG,4512
3157203,-43415,-19959,Santa Bárbara,MG,5082
3157252,-42.14,-19978,Santa Bárbara do Leste,MG,5500
3157278,-43702,-21959,Santa Bárbara do Monte Verde,MG,9720
3157302,-43559,-21246,Santa Bárbara do Tugúrio,MG,4840
3157336,-44223,-21.12,Santa Cruz de Minas,MG,3010
3157377,-41746,-16098,Santa Cruz de Salinas,MG,4123
3157401,-42814,-20236,Santa Cruz do Escalvado,MG,5241
3157500,-42448,-18827,Santa Efigênia de Minas,MG,3823
3157609,-45414,-16.69,Santa Fé de Minas,MG,8116
3157658,-40686,-16983,Santa Helena de Minas,MG,2930
3157708,-47525,-19309,Santa Juliana,MG,9832
3157807,-43851,-19.77,Santa Luzia,MG,2499
3157906,-42251,-20384,Santa Margarida,MG,3631
3158003,-43113,-19449,Santa Maria de Itabira,MG,7065
3158102,-40149,-16249,Santa Maria do Salto,MG,7711
3158201,-42414,-18.19,Santa Maria do Suaçuí,MG,1897
3159209,-46337,-22029,Santa Rita de Caldas,MG,1408
3159407,-43915,-21563,Santa Rita de Ibitipoca,MG,1327
3159308,-44095,-22149,Santa Rita de Jacutinga,MG,3422
3159357,-42132,-19875,Santa Rita de Minas,MG,3292
3159506,-41.38,-19.36,Santa Rita do Itueto,MG,8785
3159605,-45703,-22252,Santa Rita do Sapucaí,MG,5818
3159704,-45966,-19.53,Santa Rosa da Serra,MG,8156
3159803,-50121,-18839,Santa Vitória,MG,5278
3158300,-45507,-21249,Santana da Vargem,MG,4473
3158409,-42557,-21287,Santana de Cataguases,MG,4177
3158508,-44043,-19006,Santana de Pirapama,MG,44
3158607,-43166,-21.95,Santana do Deserto,MG,2414
3158706,-44104,-21601,Santana do Garambéu,MG,7970
3158805,-45131,-20898,Santana do Jacaré,MG,7248
3158904,-41925,-20108,Santana do Manhuaçu,MG,3334
3158953,-42569,-19364,Santana do Paraíso,MG,7495
3159001,-43714,-19169,Santana do Riacho,MG,4939
3159100,-43692,-20788,Santana dos Montes,MG,8186
3159902,-44919,-20946,Santo Antônio do Amparo,MG,4513
3160009,-42816,-21758,Santo Antônio do Aventureiro,MG,4805
3160108,-42609,-20314,Santo Antônio do Grama,MG,7599
3160207,-43307,-18466,Santo Antônio do Itambé,MG,6358
3160306,-40176,-16534,Santo Antônio do Jacinto,MG,4800
3160405,-45294,-20087,Santo Antônio do Monte,MG,4772
3160454,-42624,-15339,Santo Antônio do Retiro,MG,2922
3160504,-43254,-19228,Santo Antônio do Rio Abaixo,MG,7317
3160603,-44223,-18297,Santo Hipólito,MG,1482
3160702,-43553,-21457,Santos Dumont,MG,521
3160801,-45076,-21582,São Bento Abade,MG,9936
3160900,-43949,-20625,São Brás do Suaçuí,MG,278
3160959,-42011,-19527,São Domingos das Dores,MG,6478
3161007,-42968,-19865,São Domingos do Prata,MG,5516
3161056,-41486,-18591,São Félix de Minas,MG,9925
3161106,-44864,-15949,São Francisco,MG,3559
3161205,-44985,-20.71,São Francisco de Paula,MG,1191
3161304,-49774,-19863,São Francisco de Sales,MG,9254
3161403,-42268,-20789,São Francisco do Glória,MG,2560
3161502,-42834,-20923,São Geraldo,MG,1273
3161601,-42288,-18836,São Geraldo da Piedade,MG,4213
3161650,-41.36,-18.9,São Geraldo do Baixio,MG,4384
3161700,-45833,-18338,São Gonçalo do Abaeté,MG,4287
3161809,-44859,-19983,São Gonçalo do Pará,MG,9773
3161908,-43362,-19826,São Gonçalo do Rio Abaixo,MG,1465
3125507,-43391,-18004,São Gonçalo do Rio Preto,MG,2129
3162005,-45595,-21892,São Gonçalo do Sapucaí,MG,1769
3162104,-46049,-19311,São Gotardo,MG,2644
3162203,-46506,-20641,São João Batista do Glória,MG,9928
3162252,-44352,-16853,São João da Lagoa,MG,9915
3162302,-45929,-21.93,São João da Mata,MG,6195
3162401,-44008,-15929,São João da Ponte,MG,8666
3162450,-44091,-14884,São João das Missões,MG,2272
3162500,-44262,-21136,São João del Rei,MG,7829
3162559,-42151,-20394,São João do Manhuaçu,MG,9865
3162575,-41.16,-18721,São João do Manteninha,MG,164
3162609,-42158,-19339,São João do Oriente,MG,9943
3162658,-44516,-16542,São João do Pacuí,MG,1446
3162708,-42014,-15314,São João do Paraíso,MG,7557
3162807,-42763,-18548,São João Evangelista,MG,7964
3162906,-43011,-21.54,São João Nepomuceno,MG,3724
3162922,-44274,-20049,São Joaquim de Bicas,MG,7190
3162948,-46311,-20718,São José da Barra,MG,1266
3162955,-43955,-19701,São José da Lapa,MG,8785
3163003,-42143,-18324,São José da Safira,MG,31
3163102,-44557,-19.71,São José da Varginha,MG,1337
3163201,-45526,-22329,São José do Alegre,MG,962
3163300,-41389,-18479,São José do Divino,MG,2876
3163409,-42705,-19929,São José do Goiabal,MG,7668
3163508,-42.67,-18275,São José do Jacuri,MG,8927
3163607,-41745,-20005,São José do Mantimento,MG,7315
3163706,-45054,-22116,São Lourenço,MG,3323
3163805,-42719,-20707,São Miguel do Anta,MG,3655
3163904,-46615,-21127,São Pedro da União,MG,7122
3164100,-42603,-18366,São Pedro do Suaçuí,MG,7581
3164001,-42524,-20.17,São Pedro dos Ferros,MG,4724
3164209,-45069,-16369,São Romão,MG,1134
3164308,-46366,-20245,São Roque de Minas,MG,4331
3164407,-45754,-22159,São Sebastião da Bela Vista,MG,2971
3164431,-42636,-21072,São Sebastião da Vargem Alegre,MG,9037
3164472,-41984,-19498,São Sebastião do Anta,MG,2539
3164506,-42571,-18084,São Sebastião do Maranhão,MG,2561
3164605,-45005,-20276,São Sebastião do Oeste,MG,1100
3164704,-46991,-20917,São Sebastião do Paraíso,MG,2741
3164803,-43174,-19292,São Sebastião do Rio Preto,MG,9798
3164902,-44976,-22218,São Sebastião do Rio Verde,MG,418
3165206,-44985,-21722,São Thomé das Letras,MG,3855
3165008,-44509,-20913,São Tiago,MG,6971
3165107,-47098,-20784,São Tomás de Aquino,MG,5466
3165305,-44444,-21713,São Vicente de Minas,MG,8389
3165404,-45743,-22748,Sapucaí-Mirim,MG,9478
3165503,-42365,-18784,Sardoá,MG,9341
3165537,-44145,-20035,Sarzedo,MG,3498
3165560,-42839,-20109,Sem-Peixe,MG,7509
3165578,-46177,-22587,Senador Amaral,MG,5366
3165602,-42946,-21801,Senador Cortes,MG,8393
3165701,-43097,-20912,Senador Firmino,MG,3756
3165800,-46179,-22164,Senador José Bento,MG,6556
3165909,-43225,-17947,Senador Modestino Gonçalves,MG,7434
3166006,-43344,-20794,Senhora de Oliveira,MG,7828
3166105,-43084,-18892,Senhora do Porto,MG,474
3166204,-43583,-21028,Senhora dos Remédios,MG,208
3166303,-42482,-20474,Sericita,MG,825
3166402,-44519,-21909,Seritinga,MG,8562
3166501,-43.17,-18362,Serra Azul de Minas,MG,9945
3166600,-45796,-19438,Serra da Saudade,MG,1649
3166808,-46.69,-19111,Serra do Salitre,MG,3573
3166709,-40248,-17783,Serra dos Aimorés,MG,163
3166907,-46.04,-21548,Serrania,MG,233
3166956,-42871,-15829,Serranópolis de Minas,MG,5044
3167004,-44.51,-21.89,Serranos,MG,3739
3167103,-43379,-18605,Serro,MG,8060
3167202,-44247,-19466,Sete Lagoas,MG,8755
3165552,-42273,-17726,Setubinha,MG,8980
3167301,-43215,-21159,Silveirânia,MG,5111
3167400,-45835,-22029,Silvianópolis,MG,6094
3167509,-43312,-21964,Simão Pereira,MG,4136
3167608,-42001,-20124,Simonésia,MG,1341
3167707,-42098,-19235,Sobrália,MG,8209
3167806,-45045,-22.06,Soledade de Minas,MG,8581
3167905,-43248,-21359,Tabuleiro,MG,3452
3168002,-42233,-15808,Taiobeiras,MG,6623
3168051,-41616,-19759,Taparuba,MG,9348
3168101,-46823,-19922,Tapira,MG,8526
3168200,-46.02,-19888,Tapiraí,MG,1578
3168309,-43687,-19.67,Taquaraçu de Minas,MG,8244
3168408,-42007,-19281,Tarumirim,MG,6129
3168507,-42857,-20651,Teixeiras,MG,7423
3168606,-41505,-17858,Teófilo Otoni,MG,7378
3168705,-42644,-19583,Timóteo,MG,1906
3168804,-44178,-21.11,Tiradentes,MG,2750
3168903,-45964,-19004,Tiros,MG,9142
3169000,-43018,-21175,Tocantins,MG,107
3169059,-46096,-22371,Tocos do Moji,MG,8897
3169109,-46372,-22743,Toledo,MG,5614
3169208,-42023,-20905,Tombos,MG,4245
3169307,-45253,-21697,Três Corações,MG,670
3169356,-45242,-18206,Três Marias,MG,5240
3169406,-45513,-21367,Três Pontas,MG,5408
3169505,-41645,-18979,Tumiritinga,MG,794
3169604,-48705,-18593,Tupaciguara,MG,3318
3169703,-42.73,-17286,Turmalina,MG,2948
3169802,-45787,-21876,Turvolândia,MG,2913
3169901,-42943,-21.12,Ubá,MG,6923
3170008,-44778,-16285,Ubaí,MG,4525
3170057,-42106,-19635,Ubaporanga,MG,6755
3170107,-47932,-19748,Uberaba,MG,1088
3170206,-48277,-18919,Uberlândia,MG,8450
3170305,-40573,-17256,Umburatiba,MG,9695
3170404,-46906,-16358,Unaí,MG,5362
3170438,-50336,-19.53,União de Minas,MG,6818
3170479,-46254,-16064,Uruana de Minas,MG,4374
3170503,-42739,-20351,Urucânia,MG,8335
3170529,-45742,-16133,Urucuia,MG,9846
3170578,-42298,-19608,Vargem Alegre,MG,2652
3170602,-46366,-20327,Vargem Bonita,MG,8723
3170651,-42308,-15403,Vargem Grande do Rio Pardo,MG,3118
3170701,-45.43,-21551,Varginha,MG,7068
3170750,-46032,-18378,Varjão de MInas,MG,3519
3170800,-44731,-17598,Várzea da Palma,MG,3601
3170909,-44028,-15701,Varzelândia,MG,5431
3171006,-46908,-17987,Vazante,MG,7510
3171030,-43603,-15589,Verdelândia,MG,1895
3171071,-42736,-17399,Veredinha,MG,3386
3171105,-48308,-19663,Veríssimo,MG,6947
3171154,-42267,-20036,Vermelho Novo,MG,7900
3171204,-43923,-19692,Vespasiano,MG,9758
3171303,-42882,-20754,Viçosa,MG,8256
3171402,-42244,-20866,Vieiras,MG,2169
3171600,-42343,-16804,Virgem da Lapa,MG,9115
3171709,-45092,-22333,Virgínia,MG,4941
3171808,-42704,-18823,Virginópolis,MG,9443
3171907,-42307,-18476,Virgolândia,MG,6255
3172004,-42841,-21.01,Visconde do Rio Branco,MG,7696
3172103,-42539,-21771,Volta Grande,MG,4822
3172202,-45363,-22534,Wenceslau Braz,MG,5606
